location_id;firstname;lastname;gender;birthdate
33;Mohandis;Denty;Male;9/12/1981
19;Charmaine;Moult;Female;5/12/1978
37;Fulvia;Camden;Female;12/20/1975
5;Morty;Shimoni;Male;7/3/1994
36;Gaye;Wieprecht;Female;5/19/1983
5;Margit;Gatecliffe;Female;3/8/1998
26;Evelin;Trundle;Male;1/14/2000
45;Thacher;O'Noulane;Male;4/13/1971
17;Ingeberg;Luetkemeyer;Female;11/3/1978
4;Jacqueline;Picford;Female;8/10/1993
40;Kellen;Dimont;Female;12/12/1983
26;Lorettalorna;Olford;Female;2/4/1993
12;Dulcia;Wallbank;Female;3/25/1994
37;Von;Godfray;Male;6/5/1989
22;Dee dee;Ferruzzi;Female;11/25/1992
3;Ezra;Hefner;Male;12/22/1972
21;Orran;Willoway;Male;3/11/1995
43;Eduardo;Newborn;Male;12/7/1978
26;Myrtice;Rizzardo;Female;12/13/1994
22;Spencer;Byrch;Male;6/30/1980
37;Devinne;Spaughton;Female;9/22/1978
37;Donnie;Howgego;Male;5/9/1979
5;Austen;Drescher;Male;3/5/1981
46;Isahella;Gilson;Female;10/2/1994
46;Gregorio;Maryska;Male;8/20/1982
49;Lamond;Sarney;Male;4/7/1988
32;Gusella;Robbe;Female;1/18/2002
49;Dougy;Zincke;Male;1/16/1977
40;Frazier;Casini;Male;1/17/2005
16;Dov;Brampton;Male;5/12/1971
33;Currey;Kilby;Male;1/30/1974
17;Rivkah;Iglesias;Female;1/26/1974
11;Simon;Triggle;Male;9/24/2001
49;Moshe;Newborn;Male;4/22/1999
19;Alexine;Caesman;Female;9/18/1972
24;Mallorie;Dubble;Female;2/2/1991
8;Nollie;Rosten;Male;9/7/2002
3;Conant;Brownlow;Male;5/5/2000
3;Luce;Kirrens;Male;9/4/1972
13;Delores;Comelini;Female;6/25/1983
39;Lucia;Duigenan;Female;2/2/1971
4;Bentlee;Waylen;Male;10/13/1974
14;Helsa;Biford;Female;6/2/1976
4;Leontine;Botley;Female;2/5/1977
27;Mortie;Eltringham;Male;5/7/1983
48;Danell;Penticost;Female;4/19/1981
46;Shurlocke;Zylbermann;Male;11/8/2003
15;Tammie;De Biaggi;Male;10/17/2001
21;Cassi;Wilgar;Female;9/4/1992
19;Koenraad;Gwinn;Male;5/13/1990
30;Malina;Hofton;Female;10/30/2005
30;Sandor;Silmon;Male;3/14/1992
21;Jerad;Stivani;Male;11/26/1990
25;Ogden;Argrave;Male;10/17/1977
38;Gerianne;Tweedell;Female;2/28/1996
22;Tiena;Ballinghall;Female;4/7/2003
3;Carleen;Peck;Female;4/26/1984
19;Bethina;Enrietto;Female;7/23/1989
20;Brooks;Tofful;Male;3/5/1970
50;Mathilde;Pauling;Female;12/12/1976
21;Cherianne;Heap;Female;10/2/1998
1;Laurens;Armal;Male;4/27/1981
21;Nesta;Guiness;Female;2/17/1988
20;Peyter;Kirkhouse;Male;5/15/1976
28;Rozele;Lutzmann;Female;11/8/1976
1;Rosana;de Werk;Female;12/4/2002
39;Bobbette;Abate;Female;2/9/1989
43;Rickie;Ceyssen;Male;7/21/1979
25;Lurlene;Neagle;Female;1/14/1984
18;Alfreda;Viegas;Female;7/20/1989
49;Jonie;Holston;Female;3/20/1994
29;Humfrey;Overil;Male;4/6/2005
9;Ambrosius;Davidesco;Male;12/23/1983
23;Ardys;Stobbie;Female;5/24/1977
40;Woodie;Bowart;Male;4/23/1996
7;Rafa;Benedyktowicz;Female;3/13/1979
1;Homerus;Meaker;Male;12/4/1996
32;Paulie;Vergo;Male;7/12/1979
12;Felike;Everwin;Male;9/20/1978
38;Delores;Pimbley;Female;9/12/1991
7;Delia;Jeannesson;Female;3/9/1998
45;Ky;Vayne;Male;1/5/2000
21;Lillis;Ciccerale;Female;3/24/1994
18;Andras;Beckwith;Male;4/3/1995
32;Meryl;Kuhl;Male;2/6/1981
28;Anstice;Corker;Female;7/2/1986
34;Forrester;Giblin;Male;11/5/2001
33;Viviyan;Stennard;Female;11/18/1971
48;Benoit;O'Carran;Male;9/24/1995
33;Smith;Featherbie;Male;1/8/1991
29;Marin;Pittwood;Female;6/16/2003
43;Tristam;MacTerrelly;Male;10/2/1978
3;Klement;Sirkett;Male;10/20/1982
10;Bobbette;Gilloran;Female;5/26/1992
31;Beniamino;Watts;Male;7/29/1981
35;Gilda;Hatwell;Female;7/5/1978
18;Wyatan;Adie;Male;8/26/1990
31;Egbert;Alderwick;Male;7/9/1978
15;Alisha;Cadwallader;Female;2/9/2001
43;Zackariah;Westwater;Male;6/6/1975
11;Davide;Tripean;Male;3/18/2001
1;Loralyn;Elman;Female;12/4/1978
13;Margret;Strippling;Female;11/13/1990
40;Brynna;Scopham;Female;7/31/1970
26;Auroora;Grimmolby;Female;8/23/1996
49;Reginald;Gissop;Male;11/4/1975
21;Bee;Whatling;Female;1/16/1999
2;Shaun;Sebrook;Male;3/7/1984
28;Perceval;Belleny;Male;4/25/1974
14;Manda;Gale;Female;1/20/1989
42;Marrissa;Lasham;Female;2/28/1976
9;Ryon;Dyson;Male;1/17/1983
48;Rowland;Iannitti;Male;9/25/1987
49;Iain;Tungay;Male;7/22/1979
40;Loralie;Lytlle;Female;9/12/1971
24;Rheba;Colebrook;Female;12/6/1995
49;Bertram;Malafe;Male;6/3/1978
40;Sherwin;Walliker;Male;11/3/1980
34;Amelina;Cuerdale;Female;5/24/1976
38;Kizzie;Laundon;Female;2/1/1980
21;Rob;Ebourne;Male;8/30/1992
23;Viviene;Pallent;Female;8/4/1999
23;Gay;Janovsky;Male;6/4/2002
49;Aretha;Pirrie;Female;8/25/1990
41;Horst;Kitchingman;Male;5/30/2004
23;Edie;Sunnex;Female;11/13/1993
32;Lanie;McNabb;Female;12/29/1974
13;Dermot;Mahy;Male;12/11/1999
23;Coleman;Wanklin;Male;12/30/2001
44;Giacinta;Goburn;Female;2/16/1982
34;Gail;Hawler;Female;2/14/1981
49;Kerry;Andersen;Female;6/8/2005
33;Darsie;Lovewell;Female;3/22/1994
9;Misti;Keemer;Female;10/11/1995
42;Dewie;Hudless;Male;10/9/2002
17;Teri;Eacott;Female;1/6/2005
30;Melisande;Boick;Female;10/2/1987
6;Madelena;Smiz;Female;2/16/1997
18;Mareah;Challicombe;Female;5/6/1982
35;Christie;Eyre;Male;12/14/1992
28;Caty;Duerdin;Female;3/16/1996
17;Gisele;Sanford;Female;1/26/1988
3;Kelby;Tomini;Male;7/7/1982
30;Monti;Yakunchikov;Male;4/6/1971
18;Jeremie;Otley;Male;10/30/1990
18;Aurlie;Gauche;Female;9/20/1985
50;Jory;Kybbye;Male;7/21/1987
43;Darda;Leftly;Female;7/3/1975
40;Avictor;Rand;Male;12/2/1987
43;Archibaldo;O'Duane;Male;6/12/1989
12;Jeana;Deakins;Female;5/12/1980
10;Stearne;Cron;Male;6/6/1972
10;Kean;McDowell;Male;6/1/2005
46;Dur;Prandi;Male;2/24/1988
8;Henrik;Backen;Male;2/22/1970
16;Chrysa;Corss;Female;12/9/1997
45;Der;Touzey;Male;3/8/1972
20;Walliw;Stegell;Female;9/27/1995
23;Chaddy;Sergent;Male;2/18/1989
29;Nickie;Brake;Female;3/13/1993
45;Toma;McSkin;Female;6/17/1970
39;Kalle;McDonogh;Male;9/28/1993
16;Elvira;Gamett;Female;7/22/1970
26;Mar;Scotchmore;Male;3/5/1979
42;King;Deniske;Male;4/3/1979
25;Granthem;Pettyfer;Male;11/4/2000
20;Alano;Killiam;Male;9/18/1983
6;Michaela;Mc Meekan;Female;8/9/1980
35;Rivi;Biskup;Female;3/5/2004
6;Idette;Minchenton;Female;7/24/2000
39;Krishna;Corthes;Male;2/2/1988
23;Jemima;Burbage;Female;9/9/1977
38;Lay;Syphas;Male;5/20/1987
32;Archer;King;Male;6/7/1984
11;Kermit;Daubney;Male;11/29/1988
26;Belia;Gonzalo;Female;10/5/1997
49;Kimberli;Flacknoe;Female;10/29/1982
48;Keenan;Dunsleve;Male;9/30/1990
34;Darla;Chaloner;Female;12/10/1979
28;Koressa;Branno;Female;4/11/1973
14;Gerianne;Holbie;Female;8/2/1993
39;Elli;Lawday;Female;12/3/2001
43;Idalia;Tattersill;Female;7/24/1991
47;Esther;Hursthouse;Female;12/3/1984
23;Saidee;Wardington;Female;8/13/1973
4;Doloritas;MacAnelley;Female;6/20/1999
1;Elly;Handmore;Female;7/26/1972
14;Farley;Callendar;Male;8/14/1978
41;Eolanda;Tapson;Female;7/5/1991
2;Prentice;Skerratt;Male;10/18/1996
31;Barbee;Bynert;Female;10/7/2000
16;Cyrille;Semens;Male;5/13/1972
43;Mitchael;Houdmont;Male;10/26/1970
17;Montague;Arkill;Male;12/22/1983
9;Kristy;Rochford;Female;5/21/1973
49;Riordan;Mahaffey;Male;3/22/1982
6;Brendan;Eddow;Male;7/15/1995
28;Loise;Edmans;Female;3/5/1980
40;Wynn;Boustead;Male;7/21/1995
18;Starla;Gissop;Female;9/17/1972
29;Lynnette;Quartley;Female;5/20/1979
5;Lorin;Kelsell;Male;12/15/1984
18;Orran;Traviss;Male;6/24/1995
44;Twila;Clohisey;Female;7/25/1970
13;Ariel;Shere;Female;7/14/1979
12;Clive;Hardie;Male;4/9/2005
30;Gauthier;Vynoll;Male;9/15/1978
23;Davy;Ballintyne;Male;3/27/1976
10;Elvis;Panner;Male;7/3/2005
43;Ches;Saffin;Male;12/15/1989
1;Edsel;Gurdon;Male;8/12/1971
27;Caesar;Devitt;Male;12/29/2004
42;Greer;Friatt;Female;3/24/1987
3;Aarika;Tomasik;Female;9/16/1993
16;Avigdor;Hoodless;Male;4/14/1981
40;Ximenez;Footitt;Male;4/20/2000
40;Micky;Cadigan;Male;8/1/2003
6;Laurent;Weiser;Male;1/19/1970
48;Gasparo;Marfe;Male;11/12/1977
18;Franchot;Fielder;Male;6/19/1974
30;Ly;Miell;Male;1/24/1974
50;Ettie;McAster;Female;10/18/2005
38;Jewel;Francesco;Female;1/3/2005
4;Chas;Snell;Male;1/1/1987
49;Hazel;Ringwood;Male;7/13/2003
9;Seline;Temple;Female;2/12/1974
3;Nara;Ridge;Female;2/18/1972
3;Rodina;Gourley;Female;4/1/1970
10;Zebulen;Cabel;Male;12/16/1980
15;Gabriell;Janic;Female;7/8/1994
1;Fitz;Gillhespy;Male;7/17/1980
25;Ambur;Wardrope;Female;5/10/1974
19;Fan;Doyley;Female;10/4/1994
29;Chastity;Capelow;Female;12/7/1973
27;Freddie;Esposi;Female;4/24/1984
8;Duane;Sneddon;Male;2/8/1973
24;Orsa;Chene;Female;11/5/1977
27;Lucie;Threadgold;Female;2/15/1974
14;Glenna;Hein;Female;12/3/1999
10;Darlene;Membry;Female;10/13/1971
46;Ramon;Flaunders;Male;11/29/1993
2;Joletta;Poure;Female;10/6/1972
49;Oren;Burdess;Male;3/13/1979
42;Elizabeth;Cleife;Female;11/25/1984
47;Korrie;Dedmam;Female;4/9/1989
5;Pietra;Eminson;Female;2/23/1983
40;Kissee;Hargraves;Female;4/28/1997
14;Arturo;Okenden;Male;2/29/2004
19;Moe;Cerie;Male;11/21/2001
33;Ransom;Christophe;Male;2/4/1971
5;Crista;Cruces;Female;1/15/1975
23;Abrahan;Mervyn;Male;9/29/2000
11;Joela;Sibbson;Female;12/17/2001
24;Ilka;Swain;Female;1/5/1986
46;Naoma;Brearley;Female;10/19/1975
13;Fairleigh;Streater;Male;12/5/2000
30;Goddart;Morris;Male;12/22/2002
12;Mireielle;Springthorpe;Female;6/2/1996
26;Alis;Notley;Female;3/27/1976
10;Barton;Jervois;Male;3/25/1976
2;Deanna;Grabban;Female;7/11/2002
29;Cad;Henriques;Male;2/20/2002
12;Vern;Boucher;Male;1/19/1970
23;Cherye;Potier;Female;12/20/1976
17;Dino;Aupol;Male;9/2/1981
37;Hendrika;Skipton;Female;9/30/2001
7;Kathryne;Eccles;Female;6/12/1988
40;Martie;Soggee;Male;1/30/2004
16;Torey;Houlison;Female;3/5/1988
21;Kaitlin;Middler;Female;11/29/1989
42;Gilly;Gilchriest;Female;5/7/1971
46;Nappie;Arendsen;Male;11/20/1988
7;Claire;Caught;Female;4/12/1999
15;Giavani;McAloren;Male;11/22/1987
39;Thorny;Spira;Male;12/31/1981
31;Marthena;Kinnock;Female;9/4/1997
31;Katy;Chellingworth;Female;12/31/1987
34;Shelba;MacDwyer;Female;2/9/1998
4;Zelda;Suffe;Female;4/14/1981
43;Ernesta;Paladino;Female;4/3/1985
36;Eustace;Utridge;Male;10/31/2005
49;Homere;Manford;Male;3/31/1977
1;Aubert;Aldous;Male;12/31/1990
42;Elvina;Rintoul;Female;4/6/1983
2;Marcy;Keggin;Female;6/10/1978
44;Franni;Gledstane;Female;4/11/1997
9;Pepe;Spafford;Male;7/16/2005
47;Garey;Heeney;Male;4/17/1975
11;Ronald;Burtenshaw;Male;6/12/2004
21;Haydon;Bruyntjes;Male;7/14/1970
14;Bliss;Mongain;Female;10/22/1989
15;Adrianne;Maylin;Female;3/11/1998
49;Ogdan;Greene;Male;1/28/1982
33;Gonzales;Newband;Male;3/22/2004
14;Bertrando;Legrand;Male;4/28/1981
20;Chad;Jerrolt;Male;10/17/1999
22;Herold;Armit;Male;3/9/1995
20;Andeee;Ringwood;Female;10/14/1983
21;Edvard;Morch;Male;10/10/1976
48;Alfreda;Castagno;Female;4/1/1977
40;Janina;Shippard;Female;5/7/1991
10;Edi;McCotter;Female;2/28/1998
1;Janette;Gonzales;Female;10/25/2001
8;Nicolis;Kenyam;Male;10/1/1992
20;Arlinda;Jakubowski;Female;5/22/1983
48;Carter;Bernhardsson;Male;6/27/1972
14;Morten;Argente;Male;1/30/2003
9;Karlotta;Cowle;Female;9/11/1999
28;Wilbur;Stode;Male;9/27/1974
49;Henri;Enevold;Male;9/28/1975
19;Dougy;Slessar;Male;2/12/1999
45;Lacee;Purser;Female;5/11/2005
17;Hughie;Duffield;Male;10/30/1975
16;Fleur;Bradder;Female;2/6/1996
11;Fredia;Roslen;Female;9/29/1983
22;Gene;Hothersall;Female;3/30/2002
11;Rourke;Issard;Male;3/17/1971
11;Sammy;Antoniades;Male;4/1/1975
1;Emmalynne;Charopen;Female;9/23/2003
9;Jacquenetta;Quinton;Female;3/14/1972
48;Pat;Ranby;Male;6/2/1979
10;Farah;Zemler;Female;4/9/1980
29;Sigvard;Morriarty;Male;2/24/2004
39;Caro;Beadles;Female;7/20/1982
32;Gwenore;Leys;Female;5/31/2002
49;Artemis;Holdworth;Male;7/2/1991
4;Christean;Salatino;Female;4/30/1998
36;Lorelle;Berntsson;Female;6/8/1993
27;Jon;Dolbey;Male;8/15/1982
4;Bradney;Yeomans;Male;1/17/2001
28;Netty;Birtonshaw;Female;8/17/1978
1;Worthington;Bollans;Male;4/7/1977
24;Christin;McIlwrath;Female;6/22/2003
48;Kial;Cyphus;Female;4/19/1994
45;Agnese;Chopy;Female;10/28/2001
28;Arlene;Delahunty;Female;4/12/1971
48;Leodora;Fasham;Female;3/12/1974
33;Cornelius;Ilyuchyov;Male;12/15/1984
29;Clo;Stickel;Female;7/17/1971
16;Illa;MacNeachtain;Female;9/13/1995
33;Kerwinn;Jude;Male;8/21/1983
19;Gearard;Owthwaite;Male;2/24/1995
20;Kane;Whitta;Male;7/25/1993
19;Phineas;Jallin;Male;2/17/1979
36;Shanan;Starrs;Male;9/27/1994
23;Mata;Booth-Jarvis;Male;2/14/2001
2;Berk;Coveney;Male;2/3/2003
23;Gustavus;Makeswell;Male;4/5/1978
46;Obed;Leblanc;Male;10/6/1986
40;Cliff;Truss;Male;10/2/1988
44;Dannie;Biaggioni;Male;7/19/1973
4;Bernie;Lesley;Male;6/16/1972
22;Hyacinthie;Fudge;Female;9/25/1990
17;Dorthy;Moxon;Female;8/5/2003
48;Lenette;Stidworthy;Female;8/4/1975
6;Cos;Buist;Male;9/24/1971
4;Marina;Ghost;Female;5/22/1974
40;Eloisa;Coombe;Female;6/14/2003
49;Lari;Cornock;Female;6/3/1980
29;Tawnya;Kaes;Female;2/5/2001
37;Katinka;Edmed;Female;5/26/1973
34;Elmore;Borrill;Male;11/1/1980
3;Tanya;Laybourne;Female;7/6/1973
40;Codee;Paschke;Female;2/21/1984
43;Christalle;Osmint;Female;2/13/2000
28;Mimi;Noods;Female;9/30/1979
38;Susy;Barczynski;Female;11/2/1975
12;Parker;Thoms;Male;3/13/1980
12;Kylila;Bright;Female;12/3/1970
3;Joachim;Emanuel;Male;9/7/1998
49;Malva;Bax;Female;10/31/1989
34;Skipp;O'Hegertie;Male;9/21/1974
5;Randy;Tuberfield;Female;2/9/1975
26;Dick;Pruce;Male;2/14/1972
16;Chas;Karlowicz;Male;9/27/1971
32;Humberto;Stephen;Male;1/23/1990
15;Ellen;Bruhn;Female;1/12/1991
48;Sandro;Martinez;Male;2/14/1997
21;Matias;Scotcher;Male;2/17/1995
17;Dalis;Leftbridge;Male;3/24/2005
50;Hubey;Orange;Male;1/15/1986
50;Caitlin;But;Female;5/21/1993
41;Opaline;Lethlay;Female;6/8/1976
8;Rowland;McEntegart;Male;3/18/1971
39;Happy;Roelvink;Female;2/21/2005
22;Rafa;Klazenga;Female;11/5/1997
43;Brandy;Tunuy;Female;8/12/1970
50;Kennan;Shorland;Male;6/26/2001
14;Theadora;Ottee;Female;12/17/1997
9;Nolly;Welman;Male;10/27/2000
38;Fae;Gedney;Female;2/5/1999
23;Morrie;Bakes;Male;5/21/1990
22;Ruthe;Dennistoun;Female;1/17/2002
28;Reamonn;Choffin;Male;2/11/1980
30;Sinclare;Eastope;Male;3/13/1981
13;Sapphire;Melross;Female;8/7/1981
22;Maressa;Downage;Female;10/22/1983
19;Clo;Best;Female;10/13/1991
41;Henka;Steward;Female;10/20/1975
14;Griffin;Stavers;Male;10/12/1975
13;Kristel;Rois;Female;7/25/2001
28;Krysta;Glisenan;Female;2/25/1970
33;Alisa;Stygall;Female;4/15/1972
26;Astrix;Libreros;Female;1/4/1971
39;Meaghan;Covelle;Female;5/1/1990
19;Marco;Le Gall;Male;2/16/1996
49;Marleen;Satcher;Female;7/30/2005
41;Edita;Laffin;Female;1/24/1991
21;Fulton;Erricker;Male;11/25/1975
49;Doll;Hinckes;Female;11/10/1970
13;Daphna;Nelsey;Female;9/25/1998
19;Eldin;Heyfield;Male;2/24/1971
50;Sylvester;Veness;Male;10/30/1970
50;Christabel;Knok;Female;4/30/1992
16;Albertina;Fullegar;Female;8/22/1978
50;Ruthann;McIlmorow;Female;3/3/1985
27;Rafe;Durbin;Male;3/12/1978
13;Noella;Deans;Female;1/29/1997
39;Fairlie;Junifer;Male;7/20/1978
35;Katrinka;Majury;Female;5/4/1986
21;Skelly;Sinnett;Male;8/4/1980
2;Corney;Ogborn;Male;4/16/2004
22;Cherye;Rochester;Female;3/21/1973
15;Thor;Huard;Male;4/19/1979
7;Barby;Ianitti;Female;5/22/1990
41;Alidia;Sewart;Female;3/6/1989
29;Jennica;Zuan;Female;10/13/1978
7;Rae;Hawkswood;Female;12/19/1988
16;Catha;Pattie;Female;2/16/1988
47;Phyllis;Fannon;Female;8/28/1971
2;Banky;Conrad;Male;11/4/1980
48;Zarah;Bartlomieczak;Female;1/26/1994
37;Jefferson;Lumsdall;Male;7/17/1981
24;Thadeus;Walklot;Male;5/3/1982
20;Amalle;Hubbis;Female;11/15/1993
38;Ogden;Goodhew;Male;3/18/1995
1;Jackquelin;Culverhouse;Female;4/18/1979
50;Rosabel;Wilfing;Female;10/12/1979
41;Bear;Lafflina;Male;1/29/1997
20;Edwina;Kaes;Female;12/25/1987
21;Elsbeth;Molfino;Female;12/28/1997
22;Balduin;Ames;Male;8/27/1971
25;Amory;Bampfield;Male;11/27/2001
10;Terra;St. Quintin;Female;3/3/2000
31;Holly;Pudsey;Female;3/9/1995
20;Doroteya;Hankins;Female;2/8/1987
38;Jorry;Muscott;Female;6/26/1987
50;Brandy;Gelland;Male;6/24/1971
17;Robinet;Greville;Male;4/10/1976
14;Beryle;Baldree;Female;1/11/1982
6;Marie-ann;Lettuce;Female;1/28/1999
19;Ewart;Janjusevic;Male;1/24/1977
30;Wyatt;Purchon;Male;12/24/1981
45;Case;Winsome;Male;1/15/2000
27;See;Haile;Male;7/22/1980
30;Mendel;Inggall;Male;12/3/1987
3;Pauly;Coveley;Female;3/27/1976
36;Leicester;Langdon;Male;6/5/1987
11;Zorana;St Angel;Female;6/14/2004
2;Barron;Busfield;Male;8/1/1975
5;Billie;Duxbarry;Male;8/9/1976
10;Cammie;Jewsbury;Female;6/1/1991
33;Luciana;Flatley;Female;1/18/1977
3;Gabi;Bygreaves;Male;9/28/1977
7;Simone;Waterson;Female;4/25/2004
10;Frannie;Moyler;Female;12/18/1980
31;Mayor;Boustead;Male;5/27/1980
24;Gar;Gorstidge;Male;4/27/1977
42;Randie;Skea;Male;2/2/1992
9;Wendel;Dibbert;Male;7/29/2001
31;Waldemar;Lammiman;Male;1/7/1981
19;Clea;Grace;Female;10/28/1976
22;Rafaello;Birkby;Male;10/7/1993
47;Letta;Willshee;Female;4/10/1991
33;Edee;Cordle;Female;8/7/2003
19;Brock;McClory;Male;6/21/1997
43;Paddy;Feifer;Male;3/30/1991
26;Yorgos;Sinkin;Male;1/9/1973
9;Tome;Pruce;Male;6/9/1993
22;Kliment;Potier;Male;11/13/1971
2;Gus;Valde;Female;6/8/1991
11;Ameline;Gerrets;Female;8/19/1977
18;Demetri;Rispen;Male;11/26/1972
13;Claudina;Danat;Female;2/16/2003
7;Noah;Elsmore;Male;11/14/1993
6;Fara;Keam;Female;3/14/1992
42;Rhody;Baike;Female;10/12/1970
18;Kain;MacFadzan;Male;12/27/1999
30;Rodolfo;Yukhin;Male;1/22/1977
47;Flynn;Lethibridge;Male;4/27/1993
17;Malcolm;Broomhead;Male;6/18/1998
24;Aurore;Statton;Female;9/29/1972
33;Blondelle;Stanborough;Female;4/24/1985
30;Nathanial;Varrow;Male;1/11/1995
17;Doloritas;Askwith;Female;11/7/1977
39;Davin;Corder;Male;7/25/1979
21;Andi;Spillett;Female;4/26/1971
5;Kelsey;Cronin;Male;10/16/1973
29;Gayler;Blomfield;Male;12/23/1995
17;Jessie;Gaskell;Female;1/31/1984
28;Cleopatra;Onslow;Female;2/22/1995
37;Mandel;Cradduck;Male;7/20/1984
44;Dahlia;Dunbabin;Female;4/30/1975
47;Olwen;Allard;Female;8/1/1997
21;Barr;Gellier;Male;12/28/1971
39;Felicle;Stienham;Female;2/14/2003
41;Annabell;Raulin;Female;6/7/1990
49;Claybourne;Oret;Male;2/27/1994
3;Bonnee;Johnikin;Female;5/4/1980
26;Ogden;Leggat;Male;1/12/1991
47;Carolyn;Skirlin;Female;9/15/2003
12;Eustace;Ilymanov;Male;5/7/1994
12;Karrah;Keneforde;Female;5/14/1971
14;Udell;Hutchens;Male;8/9/2001
22;Carlina;Ertelt;Female;2/1/1998
2;Rosabel;Landy;Female;6/14/1973
30;Shurwood;Keirle;Male;3/29/1982
43;Issiah;Auchterlonie;Male;5/18/2003
28;Kerr;Soldan;Male;12/28/1983
22;Tammie;Enos;Male;1/15/1994
48;Quintilla;Derges;Female;3/30/1980
27;Maryann;Beeckx;Female;3/8/1985
44;Tomlin;De Freitas;Male;9/14/1997
36;Lee;Issac;Female;9/9/1993
34;Devonna;Dureden;Female;9/21/1975
14;Georgetta;Kelly;Female;11/4/1983
45;Eartha;Strelitzki;Female;7/12/1994
31;Nessie;Flageul;Female;10/14/1982
1;Hale;Tunnock;Male;11/25/1988
35;Cloe;Roller;Female;1/11/1972
24;Bettye;Wynett;Female;6/26/1993
29;Ginni;Dowbakin;Female;11/18/1999
47;Phil;Baford;Female;2/16/1992
8;Dominick;Huntar;Male;1/11/1971
36;Ty;Giovannini;Male;6/12/1974
7;Eolanda;Adaway;Female;8/5/1972
24;Udall;Ashburner;Male;7/20/2003
29;Orren;Torald;Male;7/23/1973
45;Saidee;Luipold;Female;11/8/2000
39;Connie;Zorzi;Male;3/30/1978
44;Felicdad;Baraja;Female;10/22/2000
27;Kelby;Seeman;Male;8/5/1982
48;Kevin;Bautiste;Male;6/30/1997
9;Heidie;Callf;Female;6/20/2004
3;Rodi;Overy;Female;5/30/1989
44;Goddart;Wayman;Male;3/2/2004
50;Jedediah;Piatkowski;Male;1/9/1976
11;Elyssa;Keelinge;Female;4/2/1984
22;Kim;Copplestone;Male;10/31/1978
50;Bennie;Riggert;Male;9/21/1987
49;Blithe;Alchin;Female;8/28/1985
30;Pieter;St Leger;Male;10/30/1992
48;Merrilee;Ballantine;Female;2/4/1974
39;Rickie;Fawbert;Male;9/18/1983
34;Homer;Alejandre;Male;6/29/1996
11;Sarah;Mackieson;Female;5/2/1991
34;Cassandre;Akett;Female;2/14/1972
1;Sanford;Litel;Male;10/23/1995
3;Lizzy;Cleminshaw;Female;10/7/1996
32;Rahal;Garrat;Female;6/26/1982
18;Joyous;Scriven;Female;1/15/1984
12;Dicky;Orriss;Male;11/1/2000
48;Derward;Domesday;Male;1/5/1982
29;Hayward;Wimsett;Male;7/24/1987
46;Chas;Edeler;Male;3/19/1984
41;Jordon;Wombwell;Male;2/13/1996
33;Will;Laughrey;Male;8/1/1990
23;Hunter;McGrouther;Male;9/4/1987
11;Jack;Taylour;Male;9/12/1973
21;Johan;Dransfield;Male;8/1/1997
9;Cymbre;Lytle;Female;2/10/2004
7;Anjela;Birnie;Female;2/7/1993
41;Hetty;Swalough;Female;2/24/1982
5;Arlin;Wakes;Male;1/20/1984
49;Ricki;Dring;Female;10/16/1985
45;Sada;Roskelley;Female;12/5/1986
2;Paige;Rosewell;Female;9/2/1983
31;Barty;Heaney`;Male;4/4/1979
4;Shina;Whitebread;Female;5/31/1991
26;Dinah;Rajchert;Female;7/27/1989
26;Puff;Truswell;Male;2/1/1970
50;Shanta;Keel;Female;5/24/1975
30;Verena;Garvey;Female;7/28/2002
25;Ellsworth;Buttriss;Male;8/3/1971
35;Gabbey;Bewsy;Female;3/15/2000
30;Luther;Wanley;Male;8/26/2000
49;Malynda;Genese;Female;7/2/1995
20;Rollie;Purton;Male;2/2/1975
39;Dion;Ubsdale;Male;7/20/1972
50;Jaymie;Dyble;Male;3/23/2001
8;Latia;Sword;Female;6/7/1973
18;Madelene;Seefus;Female;9/25/1993
6;Tammara;Taylorson;Female;4/14/1987
30;Erinna;Murtell;Female;8/13/1971
12;Levi;Veillard;Male;5/19/1979
15;Kalila;Harg;Female;12/2/1988
1;Robert;Jerrand;Male;4/15/1978
50;Virgilio;Allsop;Male;6/27/1979
5;Conant;Spikeings;Male;10/3/1976
35;Krysta;Ceschi;Female;3/26/1972
5;Dewie;Burling;Male;9/19/1997
45;Madlen;Wormell;Female;3/6/1982
36;Salvatore;Kinver;Male;12/17/1989
47;Wanids;Jakoubek;Female;6/26/1972
33;Ashlan;Garces;Female;3/21/2003
21;Trisha;Ramelot;Female;1/28/1980
48;Ferguson;Croose;Male;11/26/1975
11;Erna;Hing;Female;8/21/1996
48;Danyelle;Oades;Female;7/15/1973
37;Brita;Oakley;Female;10/30/1979
2;Charlean;Lambirth;Female;1/24/2002
50;Aubrey;Yarn;Female;1/23/1991
29;Janos;Tuting;Male;9/11/1986
27;Zacherie;Clogg;Male;12/21/1974
47;Lolita;Brabin;Female;12/3/2002
2;Leonidas;Renshall;Male;9/14/1974
20;Correy;Northleigh;Male;10/9/1977
19;Leora;Mongan;Female;9/10/1973
31;Kevon;Waterson;Male;1/2/2004
27;Lorenza;Benjafield;Female;7/31/1987
44;Melisandra;Leban;Female;5/18/1974
36;Napoleon;Musker;Male;3/11/1998
33;Sherlocke;Petrashkov;Male;1/22/2002
39;Stephanus;Gorelli;Male;5/27/2000
36;Israel;Carstairs;Male;9/7/1972
23;Hedvig;Malletratt;Female;11/21/1999
46;Juanita;Calderon;Female;11/29/1983
9;Delbert;Kehir;Male;9/7/1999
37;Arnie;Aplin;Male;5/1/1998
30;Marthe;Grangier;Female;10/17/1978
36;Trenna;Grivori;Female;7/8/1972
45;Holly;Toler;Female;5/28/1973
28;Dominique;Deere;Male;1/6/1989
1;Becky;Pinnigar;Female;7/28/1995
16;Teddie;Hayler;Female;3/10/2004
29;Mart;Houseago;Male;2/5/1972
24;Franzen;Paulus;Male;5/15/2001
34;Venita;Bramwich;Female;1/7/1973
12;Jaymie;Sherrett;Male;5/6/1982
21;Marcelo;Essex;Male;12/24/1988
33;Cam;Dominique;Female;9/13/1981
6;Gayle;Shutler;Female;6/23/1982
35;Theadora;Book;Female;6/19/1981
26;Gail;Giuroni;Male;6/22/1991
18;Clarisse;Prattin;Female;1/4/1979
3;Freeland;Ghiroldi;Male;12/10/2003
23;Letitia;Manicomb;Female;12/29/1989
28;Darci;Wildt;Female;9/23/1980
1;Chic;Ciccone;Male;7/4/1986
12;Adrian;Bartaletti;Male;10/12/1973
20;Fairleigh;Itchingham;Male;2/25/1974
46;Farlay;Knutsen;Male;3/8/2001
47;Tucky;Shearstone;Male;12/16/1994
27;Donny;Macbane;Male;5/14/1974
28;Joey;Prangnell;Female;2/4/2003
31;Wolf;Castelletti;Male;10/18/1978
17;Hildagarde;Marven;Female;1/16/1990
3;Huberto;Streatfield;Male;6/5/1982
4;Clayson;Dayley;Male;5/10/1972
36;Clare;Phelan;Female;3/1/1983
2;Alard;Seargeant;Male;5/15/1978
36;Cami;Candlin;Female;7/2/1998
13;Jeannine;Dunlap;Female;1/24/1982
16;Enrique;Arthurs;Male;11/7/1980
27;Dollie;Jewel;Female;12/16/2001
30;Timothea;Garie;Female;8/30/2002
38;Niki;Ludgate;Male;5/12/1983
40;Averill;De Ruggiero;Male;4/20/1979
38;Rachel;Emerine;Female;1/15/1985
17;Luce;Gierth;Female;4/15/1985
27;Dael;Ackery;Female;12/17/1971
18;Jacinda;Uzelli;Female;8/16/1989
41;Othella;Giovani;Female;9/25/1981
2;Vincenz;Cuell;Male;12/29/2001
25;Nicolais;Sulter;Male;7/26/1977
37;Tucky;Penwarden;Male;1/2/1974
31;Augustine;Frodsam;Female;7/28/2004
29;Tisha;Piccard;Female;1/29/1987
24;Layton;Guilloud;Male;7/16/1981
24;Shandee;Richardin;Female;9/20/1971
28;Talia;Donkersley;Female;4/22/1980
36;Clare;Ilden;Female;3/18/1970
9;Devonna;Baines;Female;9/4/2002
6;Tonnie;Wardall;Male;9/26/1995
12;Paxton;Campaigne;Male;7/15/1999
25;Blayne;d' Eye;Male;12/26/1993
11;Kipper;Alcalde;Male;8/30/1995
48;Law;Greenalf;Male;7/13/1999
17;Tiphani;Petts;Female;3/14/1980
4;Ami;Smale;Female;12/30/1990
12;Herman;Konertz;Male;3/23/1974
40;Arron;Abberley;Male;4/6/1979
29;Silvester;Shotter;Male;4/16/1973
2;Sawyere;Clampe;Male;9/28/1986
26;Retha;Simmell;Female;3/15/2001
49;Karel;Solon;Female;10/26/2002
22;Johannah;Hopkynson;Female;3/31/1995
4;Dicky;Kliment;Male;3/27/1975
5;Hirsch;Goede;Male;6/4/1976
12;Theobald;Kitteridge;Male;5/13/1981
37;Anna;Schimoni;Female;7/25/1984
12;Hirsch;Castard;Male;12/6/1976
40;Gerrard;Corden;Male;1/4/1970
32;Devlin;Frie;Male;8/30/2002
27;Roddie;Falk;Male;4/17/1982
1;Wes;Garling;Male;8/31/1980
42;Shurlock;Petticrew;Male;5/2/1988
50;Kristel;Quinnelly;Female;11/17/1992
24;Golda;Domenge;Female;2/20/1993
12;Ebba;Piscotti;Female;8/17/1985
9;Taffy;Garley;Female;5/29/1981
29;Papagena;Dubery;Female;3/14/1994
25;Demott;Barnshaw;Male;7/19/1991
38;Jeannie;Torrisi;Female;11/19/1999
31;Vivian;Mularkey;Female;4/20/1990
2;Horatia;Quiney;Female;11/25/1974
27;Antoinette;Gatland;Female;7/13/1995
4;Cord;Elijah;Male;6/3/1998
8;Netty;Faudrie;Female;3/20/1973
42;Bern;Deeley;Male;3/16/1995
5;Aland;Umpleby;Male;7/22/1974
17;Shep;Olivas;Male;10/9/1997
49;Earvin;Pyett;Male;6/5/1992
34;Arluene;Yakebowitch;Female;12/19/2001
42;Milena;Dumbell;Female;1/31/1994
19;Rhiamon;Beevens;Female;9/30/1995
17;Zelig;Zanardii;Male;4/21/1995
4;Wilhelmine;Tomasoni;Female;9/18/1987
28;Alaric;Cockayne;Male;4/23/1998
7;Morey;Frankes;Male;4/22/1970
35;Drew;Macia;Male;11/12/1998
19;Adah;Hildred;Female;3/28/1991
25;Tom;Constant;Male;4/29/2005
7;Sampson;Surphliss;Male;4/4/1990
16;Guilbert;Tapin;Male;6/14/1988
20;Troy;Alflat;Male;12/29/1990
47;Willa;Riccio;Female;12/18/1973
23;Rikki;Meeking;Male;10/15/1985
17;Guilbert;Strafford;Male;8/18/1995
50;Sigismundo;Isworth;Male;9/27/1979
14;Cly;Dick;Male;9/25/1972
36;Thor;Skains;Male;10/9/1995
23;Seline;Squirrell;Female;12/8/1979
38;Gaston;Shiliton;Male;10/30/2000
35;Norbie;Feore;Male;6/22/1988
38;Rosaline;Sweeny;Female;1/22/1988
3;Murray;Flanner;Male;12/25/1974
48;Freedman;Fiorentino;Male;9/18/2001
33;Kelcey;Rubke;Female;5/9/1976
22;Tess;Widdowfield;Female;6/10/1995
34;Lana;Le Jean;Female;10/5/1994
3;Denise;Hellier;Female;9/26/1984
50;Gifford;Salazar;Male;4/26/1987
43;John;Borghese;Male;9/6/1999
19;Townie;Jenno;Male;5/7/1990
6;Brodie;Keerl;Male;12/16/2005
38;Lorine;Yakebovitch;Female;9/22/1986
42;Michele;Smalman;Female;9/4/2001
12;Gwenora;Grayham;Female;3/26/1976
23;Sybil;Bozier;Female;6/19/1973
45;Jake;Perel;Male;5/19/1987
41;Paolo;Yegorkin;Male;4/11/1991
25;Evelina;Dinsey;Female;8/1/1976
6;Dallas;Delong;Female;9/7/1995
2;Rowney;Kidstone;Male;6/18/1999
2;Clarke;Sheriff;Male;7/24/1986
31;Min;Heistermann;Female;12/16/1982
2;Merissa;Wimpey;Female;8/2/1971
31;Yehudit;Murfin;Male;4/22/1978
35;Lucas;Harvett;Male;11/13/1983
16;Elicia;Yesichev;Female;6/17/1999
31;Clemmy;Blazewski;Male;7/29/1989
22;Barthel;Manzell;Male;6/20/1983
31;Erika;Castellani;Female;6/8/1978
19;Melissa;Henken;Female;8/14/1972
17;Ginnifer;Favelle;Female;7/9/1980
19;Binnie;Belden;Female;12/8/1992
21;Emerson;Summersby;Male;8/21/1984
11;Robin;Roderighi;Male;7/15/1981
21;Ceciley;Baldini;Female;1/29/1980
28;Merlina;Obell;Female;11/14/1970
20;Fran;Simcoe;Male;5/13/1970
41;Abbe;Gummory;Male;5/18/1971
48;Deane;Mazdon;Male;5/13/1975
31;Walton;Fairhall;Male;9/15/1976
27;Ted;Jenkison;Female;9/16/1973
42;Birk;Kilgrew;Male;8/16/1975
18;Rachelle;Antalffy;Female;4/22/1974
33;Bayard;Ghelerdini;Male;3/26/2000
30;Wilden;Scuffham;Male;8/27/2000
6;Farr;Batchan;Male;8/27/1995
7;Emera;Castano;Female;3/16/1995
39;Barde;Mawne;Male;11/13/1997
40;Levi;Deeming;Male;10/16/1974
36;Karel;Seath;Female;3/10/1974
41;Vincenz;Coal;Male;8/28/1975
38;Perla;Jedrzejkiewicz;Female;7/31/1981
22;Bailey;Pedgrift;Male;7/25/2000
31;Guy;Kubecka;Male;10/25/1975
35;Mervin;Makinson;Male;9/20/1970
41;Farra;Kilsby;Female;2/10/2004
11;Bernice;O' Quirk;Female;11/22/1981
27;Ange;Alchin;Female;9/18/1994
16;Maison;Arpino;Male;9/5/1999
29;Lambert;Gabotti;Male;3/25/2003
33;Atalanta;Duigan;Female;10/10/1996
36;Clerkclaude;Skunes;Male;12/29/1981
16;Jacob;Pechet;Male;3/22/1996
32;Brittani;Farnaby;Female;4/13/1988
25;Florrie;Glavis;Female;1/21/1979
28;Flinn;Keyzman;Male;6/12/1979
48;Lorelei;Wanell;Female;3/26/1972
31;Lyssa;Dalloway;Female;9/22/1989
40;Rafaelita;Pitkin;Female;5/16/1986
50;Yettie;Betun;Female;1/18/2003
41;Anabal;Rann;Female;1/19/1979
15;Guy;Eakle;Male;11/25/1997
39;Corby;Laux;Male;4/6/1987
30;Noam;Rickardsson;Male;12/10/1979
8;Stanislas;Hampstead;Male;7/30/1993
8;Noe;Leeder;Male;7/25/2002
7;Derry;Largan;Male;11/22/1974
36;Worden;Thoma;Male;10/19/1984
20;Dotti;Leavesley;Female;4/6/1997
48;Daffi;Cominello;Female;5/21/1997
43;Dar;Winder;Male;8/22/1990
30;Othello;McClinton;Male;12/26/2003
50;Giraldo;Lodevick;Male;9/21/1970
6;Nani;Barnett;Female;3/7/2004
50;Ferrell;Fliege;Male;3/13/2005
28;Frank;Probyn;Female;3/10/1991
31;Caleb;Ashbee;Male;10/1/1994
4;Katharina;Moakes;Female;1/27/1987
39;Gaultiero;Sloegrave;Male;9/1/1990
38;Benjamin;Aronow;Male;1/3/1983
25;Diego;Mavin;Male;3/31/1974
48;Constantine;Wettern;Male;4/13/1996
37;Virgina;Warriner;Female;8/18/1986
9;Harmon;Menear;Male;9/17/1995
34;Irma;Sowte;Female;7/17/2004
1;Geoffrey;McClounan;Male;5/4/1989
15;Kaja;Hapke;Female;9/10/1977
26;Sheridan;Rothermel;Male;3/21/2002
45;Saul;Millwater;Male;12/22/1973
46;Jewel;Fillery;Female;9/12/1978
41;Catherina;Ough;Female;11/20/1997
17;Andreas;Ead;Male;8/8/1998
18;Kirk;Oxberry;Male;3/12/1993
23;Brena;Lochead;Female;8/18/1975
31;Saidee;Albarez;Female;11/15/1991
49;Britte;Imloch;Female;1/8/1982
46;Bernhard;Iffland;Male;3/9/2005
7;Kingsley;Heild;Male;1/3/1980
11;Britt;Carwithen;Female;10/13/1974
16;Pascale;Melsome;Male;4/4/1991
32;Lurlene;Chirm;Female;1/28/1988
33;Maggie;Worden;Female;6/10/2004
28;Arleen;Dillon;Female;12/10/1972
46;Georgie;Newby;Male;8/10/1982
42;Philippe;Ickovits;Female;12/22/1981
43;Urbanus;Olyfat;Male;2/24/1980
29;Fanya;Blackney;Female;6/11/2003
21;Sheff;Scardifeild;Male;4/27/2004
28;Jabez;Pinare;Male;11/27/1990
31;Aleda;Grogor;Female;9/7/1986
23;Jillana;Foxworthy;Female;3/8/1979
3;Cristina;Gillicuddy;Female;5/26/2000
11;Zoe;Ansill;Female;1/8/1999
14;Lauree;Patullo;Female;7/9/1998
30;Dukey;Slowly;Male;11/11/2002
17;Angelica;Mack;Female;1/18/1993
32;Claiborne;Jiran;Male;11/9/2004
31;Roch;Benitti;Female;3/4/1987
10;Martie;Dome;Male;3/9/1986
44;Lockwood;Grunson;Male;2/27/1999
31;Salim;Widger;Male;5/21/1980
47;Bendix;Gorgl;Male;4/27/1995
22;Lexie;Nelius;Female;6/25/1973
23;Francisca;Brennenstuhl;Female;4/16/2001
7;Carolus;Wehner;Male;12/10/2003
35;Addy;Sharville;Male;11/2/1973
7;Myrwyn;Hayer;Male;11/20/2001
11;Harman;Giacobini;Male;3/22/1985
22;Don;Willmot;Male;12/9/1990
10;Valentine;Oakenfall;Female;12/2/1989
30;Mame;Creddon;Female;5/28/1990
16;Garner;Splevins;Male;12/1/1975
13;Finley;O'Geaney;Male;3/14/2001
19;Byran;Lethbridge;Male;8/13/1994
38;Georas;Temblett;Male;9/15/2003
2;Arlena;Saby;Female;3/21/1988
16;Gothart;Grishkov;Male;6/28/1970
8;Eadith;Amphlett;Female;3/31/2004
23;Dorise;Berens;Female;10/25/1972
32;Carolee;Hicklingbottom;Female;7/29/1999
9;Valentino;Hearsum;Male;6/12/1983
8;Krispin;Guinn;Male;11/24/1979
47;Annis;Kinze;Female;8/4/1975
25;Laurens;Bertomeu;Male;7/23/1970
2;Axe;Nieass;Male;9/5/1973
29;Nannie;Leverton;Female;3/1/1990
33;Arlan;Crowest;Male;2/5/1985
33;Marline;Montague;Female;11/21/1978
26;Roman;Figin;Male;4/23/1975
31;Tobey;Bernetti;Female;1/16/1997
35;Beulah;Traynor;Female;1/9/1972
21;Sidnee;O'Haire;Male;8/4/1979
27;Elden;Auden;Male;5/28/1985
21;Gilly;Abotson;Female;7/17/1984
39;Iona;Kington;Female;3/30/1991
25;Eugene;Pittford;Male;10/25/2004
6;Raimundo;Heimann;Male;12/25/1982
18;Caron;Ruxton;Female;10/8/1996
29;Wyatan;Dmtrovic;Male;11/3/1995
48;Ameline;Stoyles;Female;10/10/2002
35;Geordie;Vanner;Male;7/17/1996
27;Tomasina;De Leek;Female;2/24/1986
21;Baily;Zanni;Male;4/17/2004
38;Siobhan;Hysom;Female;8/29/1983
11;Jared;Dyter;Male;6/27/1975
26;Corenda;Moncaster;Female;7/12/1977
44;Joshuah;Winspur;Male;6/18/1989
10;Nataline;Briston;Female;7/28/1991
23;Barny;Weathers;Male;2/15/1985
43;Curtice;Tregust;Male;1/21/1974
38;Edmund;Berney;Male;10/23/1983
32;Worthy;Fireman;Male;1/30/1998
30;Matthias;Kiss;Male;5/24/1977
3;Bord;Beany;Male;1/5/1980
21;Orsa;Dwine;Female;1/22/1977
49;Maure;Tolhurst;Female;11/13/1993
48;Muire;Tock;Female;8/16/2004
22;Coop;Hasely;Male;11/22/1996
28;Lindy;Fulleylove;Male;2/6/1984
13;Elwira;Bollin;Female;7/14/1979
50;Theresita;O'Hallihane;Female;1/8/1982
22;Dimitry;Georges;Male;9/21/1998
32;Berne;Calven;Male;11/11/1971
30;Corissa;Domelow;Female;6/9/1993
36;Rochette;Snookes;Female;3/17/1974
2;Konstantine;Tunesi;Male;12/4/1991
2;Jacinta;Lamonby;Female;5/15/2002
23;Kristofor;Pottes;Male;11/20/1975
14;Wit;Dikles;Male;10/26/1971
45;Judy;McLeod;Female;6/5/1990
31;Nady;Weerdenburg;Female;6/12/2002
13;Armstrong;Brabon;Male;8/22/1978
35;Boy;Milillo;Male;5/20/1978
34;Anthiathia;Van der Brugge;Female;4/8/1986
41;Kate;Labbey;Female;8/21/1996
39;Hillier;Sowley;Male;5/28/1982
50;Linzy;Jagoe;Female;12/3/1999
13;Kleon;Crut;Male;12/9/1972
36;Valentino;Innerstone;Male;11/11/1983
26;Nadeen;Mcsarry;Female;12/18/1996
48;Vikky;Wightman;Female;7/27/2002
15;Claudius;Thoma;Male;9/12/1986
42;Lukas;Harbertson;Male;9/13/1983
46;Tull;Letherbury;Male;12/26/2004
49;Pris;Coventon;Female;9/20/1972
5;Hermia;Pervew;Female;2/26/1989
5;Willa;Mechan;Female;9/20/1983
35;Tressa;Bromont;Female;1/7/1991
34;Elvera;Norcliff;Female;2/6/1998
11;Shannon;Itzakson;Male;7/19/1982
33;Nata;Pudding;Female;3/20/2001
37;Solly;Hare;Male;5/14/1978
2;Annamaria;Ellard;Female;9/29/1978
20;Lynette;Tonn;Female;10/7/1970
38;Juanita;Martt;Female;8/12/2002
11;Shelley;Calterone;Male;10/21/1999
24;Agata;Wallworth;Female;11/25/1989
32;Ellerey;Kless;Male;11/17/1974
9;Kym;Stollsteiner;Female;1/6/2005
16;Mortie;Koppel;Male;2/13/1997
16;Kasey;Lenney;Female;8/21/1999
30;Talbert;McLinden;Male;3/23/1973
27;Rosco;Sherreard;Male;8/2/1971
37;Wye;Dods;Male;2/28/1994
48;Ketti;Reuter;Female;10/13/1997
47;Danna;Bagott;Female;2/11/1991
36;Stearn;Mariotte;Male;2/5/2002
44;Patric;Sore;Male;4/8/1976
15;Amery;Denacamp;Male;2/5/1993
9;Eric;Siddons;Male;6/14/1986
40;Saloma;Hubble;Female;10/30/1996
50;Carroll;Bourbon;Male;4/23/1989
37;Corbin;Castagnasso;Male;4/29/1985
26;Carrie;Robardet;Female;12/21/1986
49;Maxy;Leitch;Male;8/11/1991
19;Saraann;Kenningley;Female;5/11/1992
29;Georgine;Zettoi;Female;10/5/1981
45;Marven;Horning;Male;12/5/1976
50;Barret;Shipsey;Male;7/1/1987
17;Kitti;Byatt;Female;11/7/1993
41;Homere;Macvey;Male;7/13/1983
40;Bern;Pound;Male;10/6/1988
31;Vite;Dancey;Male;10/12/1970
37;Cosme;Easom;Male;10/24/1999
21;Hayley;Foot;Female;2/4/2005
